Well,Sample Name,ID,Age,Sex,Weight,HairColor,Smoker
1,Sample 1,1,22,Female ,25,black ,Yes
2,Sample 2,2,25,Male,26,brown,No
3,Sample 3,3,45,Female ,50,blonde,Yes
4,Sample 4,4,31,Male,33,red,Yes
5,Sample 5,5,29,Female ,46,grey,No
6,Sample 6,6,26,Male,35,black ,No
7,Sample 7,7,31,Female ,33,black ,Yes
8,Sample 8,8,32,Male,67,black ,No
9,Sample 9,9,32,Female ,55,brown,Yes
10,Sample 10,10,33,Male,44,blonde,Yes
11,Sample 11,11,34,Female ,25,red,No
12,Sample 12,12,34,Male,26,grey,No
13,Sample 13,13,35,Female ,50,black ,Yes
14,Sample 14,14,35,Male,33,black ,No
15,Sample 15,15,36,Female ,46,black ,Yes
16,Sample 16,16,36,Male,35,brown,Yes
17,Sample 17,17,37,Female ,33,blonde,No
18,Sample 18,18,37,Male,67,red,No
19,Sample 19,19,38,Female ,55,grey,Yes
20,Sample 20,20,38,Male,44,black ,No
21,Sample 21,21,39,Female ,25,black ,Yes
22,Sample 22,22,39,Male,26,black ,Yes
23,Sample 23,23,40,Female ,50,brown,No
24,Sample 24,24,40,Male,33,blonde,No
25,Sample 25,25,41,Female ,46,red,Yes
26,Sample 26,26,41,Male,35,grey,No
27,Sample 27,27,42,Female ,33,black ,Yes
28,Sample 28,28,42,Male,67,black ,Yes
29,Sample 29,29,43,Female ,55,black ,No
30,Sample 30,30,43,Male,44,brown,No
31,Sample 31,31,44,Female ,25,blonde,Yes
32,Sample 32,32,44,Male,26,red,No
33,Sample 33,33,45,Female ,50,grey,Yes
34,Sample 34,34,45,Male,33,black ,Yes
35,Sample 35,35,46,Female ,46,black ,No
36,Sample 36,36,46,Male,35,black ,No
37,Sample 37,37,47,Female ,33,brown,Yes
38,Sample 38,38,47,Male,67,blonde,No
39,Sample 39,39,48,Female ,55,red,Yes
40,Sample 40,40,48,Male,44,grey,Yes
41,Sample 41,41,49,Female ,25,black ,No
42,Sample 42,42,49,Male,26,black ,No
43,Sample 43,43,50,Female ,50,black ,Yes
44,Sample 44,44,50,Male,33,brown,No
45,Sample 45,45,51,Female ,46,blonde,Yes
46,Sample 46,46,52,Male,35,red,Yes
47,Sample 47,47,52,Female ,33,grey,No
48,Sample 48,48,53,Male,67,black ,No
49,Sample 49,49,53,Female ,55,black ,Yes
50,Sample 50,50,54,Male,44,black ,No
51,Sample 51,51,54,Female ,25,brown,Yes
52,Sample 52,52,55,Male,26,blonde,Yes
53,Sample 53,53,55,Female ,50,red,No
54,Sample 54,54,56,Male,33,grey,No
55,Sample 55,55,56,Female ,46,black ,Yes
56,Sample 56,56,57,Male,35,black ,No
57,Sample 57,57,57,Female ,33,black ,Yes
58,Sample 58,58,58,Male,67,brown,Yes
59,Sample 59,59,58,Female ,55,blonde,No
60,Sample 60,60,59,Male,44,red,No
61,Sample 61,61,59,Female ,33,grey,Yes
62,Sample 62,62,60,Male,35,black ,No
63,Sample 63,63,60,Female ,36,black ,Yes
64,Sample 64,64,61,Male,2,black ,Yes
65,Sample 65,65,61,Female ,1,brown,No
66,Sample 66,66,62,Male,55,blonde,No
67,Sample 67,67,62,Female ,6,red,Yes
68,Sample 68,68,63,Male,74,grey,No
69,Sample 69,69,63,Female ,26,black ,Yes
70,Sample 70,70,64,Male,50,black ,Yes
71,Sample 71,71,64,Female ,33,black ,No
72,Sample 72,72,65,Male,46,brown,No
73,Sample 73,73,65,Female ,35,blonde,Yes
74,Sample 74,74,66,Male,33,red,No
75,Sample 75,75,66,Female ,67,grey,Yes
76,Sample 76,76,67,Male,55,black ,Yes
77,Sample 77,77,67,Female ,44,black ,No
78,Sample 78,78,68,Male,33,black ,No
79,Sample 79,79,68,Female ,35,brown,Yes
80,Sample 80,80,69,Male,36,blonde,No
81,Sample 81,81,70,Female ,2,red,Yes
82,Sample 82,82,70,Male,1,grey,Yes
83,Sample 83,83,71,Female ,55,black ,No
84,Sample 84,84,71,Male,6,black ,No
85,Sample 85,85,72,Female ,74,black ,Yes
86,Sample 86,86,72,Male,26,brown,No
87,Sample 87,87,73,Female ,50,blonde,Yes
88,Sample 88,88,73,Male,33,red,Yes
89,Sample 89,89,74,Female ,46,grey,No
90,Sample 90,90,74,Male,35,black ,No
91,Sample 91,91,75,Female ,33,black ,Yes
92,Sample 92,92,75,Male,67,black ,No
93,Sample 93,93,76,Female ,55,brown,Yes
94,Sample 94,94,76,Male,44,blonde,Yes
95,Sample 95,95,77,Female ,33,red,No
96,Sample 96,96,77,Male,35,grey,No
